date;tavg;tmin;tmax
1;15.4;11.3;20.7
2;12.2;9.8;15
3;12.2;9.5;14.8
4;13.3;8.3;18.1
5;13.6;10.2;15.6
6;12.2;5;18.2
7;16.6;11;23.7
8;14.3;12.3;16.4
9;12.3;7.6;16
10;11.1;7.6;14.8
11;9.7;6.5;13.1
12;10.6;5.5;13.8
13;11.9;8.5;15
14;10.7;8.3;13.2
15;10.7;7.3;13.9
16;10.2;6.4;13.3
17;11.5;5.9;15.6
18;14.4;12.2;18.4
19;12.7;9.2;15.3
20;11.6;4.8;17.4
21;12.3;9.9;14.2
22;11.7;8.1;15
23;13;8.5;18.2
24;13.4;10.2;15
25;11.2;8.2;14.5
26;11.4;8.6;14.1
27;12.2;8.8;15.2
28;12.2;6.7;15.8
29;14.2;11.2;16.7
30;14.6;12.1;17.2
31;15;7.9;20.6
32;20.1;12.4;30.4
33;15.7;13.2;18.6
34;13.6;9.4;17
35;12.4;8;16.2
36;11.7;9.8;13.5
37;14.7;10;19.3
38;17.3;11.6;22.6
39;20.1;13.8;26.3
40;17.3;13.6;20.5
41;14.5;13.3;16.8
42;13.4;10.8;16.6
43;12.3;7.2;16.1
44;15.2;8.4;21.2
45;14.1;12.1;16.1
46;13.4;11.7;16.2
47;12.9;10;16.2
48;14.6;12.7;18.5
49;13.4;10.3;15.9
50;12.4;9.6;13.9
51;15.9;11.9;21
52;17.7;11.9;22.7
53;19.8;14.5;24
54;17.7;13.9;20.5
55;17.2;11.4;22.8
56;18.6;13.8;22.4
57;20;12.5;25.9
58;25.4;16.7;32.7
59;25.1;21.1;29.2
60;23.5;17.9;28.7
61;24.5;19.1;30.1
62;19.9;16.2;27.1
63;18.5;14.5;21.8
64;19.4;13.7;24.9
65;16.5;13.1;18.2
66;13.9;10.6;16.6
67;16.5;9.5;22.8
68;19.8;15.4;27
69;18;16.7;19.5
70;17.9;16.9;19.3
71;18.1;15.4;20.2
72;17.4;14.4;19.8
73;18.7;13.1;23.1
74;21.3;18.7;24.4
75;18.2;13.6;20.8
76;16.5;14;20
77;16.9;10.8;20.5
78;20.5;17.6;24.1
79;18.8;14.9;22.3
80;17.7;14.6;20.5
81;18.5;14;22.5
82;15.7;12.9;18.5
83;14.6;9.1;20.1
84;16.7;13.6;19.1
85;16;13.8;17.9
86;14.6;10.5;16.9
87;14.2;10.8;17.9
88;13.8;8;19
89;15.6;8.8;20.8
90;17.6;10.6;23.5
91;20.8;15.1;28.1
92;18.2;15.7;20.5
93;18.5;12.3;24.6
94;20.4;14.9;26.4
95;19.1;14.3;24.5
96;18.8;16;21.9
97;18.6;12.3;24.3
98;19.7;17.4;23.1
99;19.6;16.3;23.8
100;19.3;18.2;21.4
101;21.3;16.1;26.8
102;21.3;19.2;24.7
103;18.2;16.4;20.7
104;16.1;13.2;18
105;14.2;12.9;15.4
106;15.3;14.1;16.8
107;16.9;13.7;21.8
108;18.7;13.6;25
109;19.9;14.7;24.5
110;21.4;17.3;26.5
111;20.4;16.5;25.6
112;17.7;14.3;21.5
113;16.7;14.3;19.3
114;19.5;16.5;24.2
115;16.3;15.1;18.2
116;16.1;12.5;20.3
117;16.9;11;22.6
118;19.4;15.9;23.5
119;20.5;18.3;24.5
120;16.3;13.6;18.7
121;14.2;11.2;17.6
122;12.7;9.7;15.7
123;13.7;11.7;15.6
124;13.9;11.5;17
125;13.1;10.8;16.5
126;14.3;12.6;16.8
127;14.5;12.7;16.6
128;13.9;9.5;18.4
129;14.7;10.1;19.6
130;14.7;9.9;19.1
131;15.5;12.5;19.6
132;16.1;12;18.4
133;14.6;12.7;17
134;12.3;9.7;14.5
135;14.4;10.5;18.7
136;14.5;11.3;15.5
137;13.5;10;16.9
138;13.8;10.3;17.4
139;13.8;8.6;17.5
140;14.6;11.9;18.6
141;12.9;9.9;17.6
142;13.1;9.3;16.2
143;13;11.9;15
144;12.8;9;16.4
145;11.7;7.1;16.8
146;12.3;7;17.1
147;12.4;7.5;16.9
148;12.4;8.2;17.3
149;13;8.8;17.5
150;12.3;8.8;16.5
151;11.6;5.5;16.4
152;11.9;7.2;17.4
153;11.4;8;17.2
154;12.4;7.8;16.2
155;15.4;13.3;18.7
156;15;13.8;16.1
157;13.7;10.8;15.5
158;12.1;8.3;16
159;12.1;8.4;14.2
160;7.5;4.2;11.3
161;5.4;1.4;9.8
162;6.3;4.6;8
163;6.8;4.9;8.8
164;6.8;4.3;8.7
165;8.2;7.2;10
166;9.3;7.8;10
167;8.7;3.4;11.7
168;11.5;8.6;13.4
169;9.7;6.3;13
170;9.7;6.5;12
171;12.4;8.6;14.8
172;11.2;7.7;13.9
173;11.7;10;13.3
174;10.3;6.1;13
175;10.7;4.6;15.9
176;11.4;7.3;17
177;10.7;6.9;13.3
178;11;8.1;15.2
179;10.4;7.6;14.7
180;9.8;7.3;14.5
181;7.3;4.1;12
182;8.7;5;15.1
183;9.3;3.6;14.7
184;12.1;9.3;14.2
185;13;10.9;14.9
186;15;13.9;16.9
187;16.1;14.4;18.1
188;12.7;7.3;16.6
189;13.7;12.4;16.7
190;14.7;13.9;15.6
191;13.1;12.2;14
192;13.4;11.4;15.6
193;11.6;9;13.6
194;9.7;8.7;11.8
195;14.3;13.8;14.8
196;12.7;11.6;13.8
197;13;10.5;15.3
198;12.9;10.7;14.2
199;11.6;8.9;13.2
200;8.3;5.2;10
201;5.2;2.6;6.7
202;2.8;0.9;5.4
203;3.3;-0.9;7
204;4.7;3.7;6.8
205;6.5;4.7;7.6
206;5;1.9;9.3
207;5.7;3.8;7
208;6.7;5.3;8.1
209;10.4;7.9;12.4
210;9.4;6.8;12.2
211;9.5;6.2;12.7
212;10.8;9.4;12.1
213;9.6;8.4;11
214;9.5;8.1;11
215;8.2;7.5;9.3
216;10.3;8.1;12.3
217;10.9;9.6;12.3
218;9.7;8;11.3
219;7.8;5.5;9.9
220;6.6;5.6;7.5
221;7.7;5.6;9.6
222;7.7;5.3;11.7
223;7.4;4.6;11.9
224;7.3;4.9;9.3
225;7;4.6;9.1
226;11.3;9.2;13.2
227;12.8;11.1;14.3
228;11.6;10.1;12.8
229;11.9;9.6;13.6
230;11.5;9.9;12.4
231;10;8.3;11.8
232;12.1;8.6;13.4
233;10.4;7.5;12.6
234;9.3;6.7;12.3
235;8.8;5.3;13.2
236;13;11.2;14.4
237;11.8;10.7;13.1
238;9.3;7;11.7
239;7.7;5.6;9.7
240;7.4;6.1;9.3
241;7.6;5.6;9.6
242;5.3;1.6;7.8
243;5.5;4.7;6.2
244;7.1;5.5;8.3
245;5.8;4.4;7.1
246;6.8;5.4;7.6
247;2.7;1.9;5
248;5.7;2.5;7.7
249;6.1;2;8.5
250;5.1;0.8;7.4
251;6.6;5.1;8.1
252;4.9;2.6;7.2
253;6.5;5.6;8.1
254;5.1;1.8;7.1
255;3.5;1.7;5.2
256;2.5;-0.6;4
257;2.9;-0.1;5
258;-0.3;-4.6;2.5
259;-2.9;-5.7;-0.3
260;-1.9;-6;1.4
261;2.2;-0.4;4.8
262;-1.2;-3.7;0.8
263;0.7;-1.7;4.4
264;7.1;3.8;9.8
265;7.8;5.1;11.1
266;10.3;8.2;13.2
267;8.8;5.1;10.9
268;10.8;9.7;11.7
269;6.7;4.6;8.8
270;8.9;5.2;10.8
271;7.7;5.3;10
272;6.7;4.8;10.2
273;11.2;9.6;12
274;9;7.2;10.7
275;5.4;3;6.9
276;5.6;2.5;7.9
277;8.4;4.6;10.6
278;9.3;8.4;10.2
279;8.6;6.3;11.7
280;8.4;6.6;9.6
281;5.9;4.4;8.1
282;5.3;3.4;7.5
283;4.2;0.8;7.9
284;2.5;-0.2;5.7
285;1.4;-1.3;3.4
286;2.3;1.1;2.9
287;0.3;-4.5;5.6
288;-1.1;-4.7;2.7
289;0.6;-2.3;2.4
290;3.4;-1.8;8.4
291;8;5;10.5
292;10.3;8.6;11.6
293;7.2;4.7;10.6
294;4.2;1;7.8
295;2.2;-1.1;6.4
296;1.7;-1.3;5.7
297;1.9;-0.5;5.2
298;2.5;-0.5;5.9
299;2.8;-0.5;6
300;2.7;-0.7;6.2
301;2.2;-2.8;8.2
302;5.7;1.2;8.6
303;3.7;0.8;7.9
304;2;-0.3;3.1
305;1.9;-3.5;7.1
306;2.6;-1.2;6.6
307;2.9;-0.3;6.2
308;3.6;0;7.2
309;5.1;3;8.1
310;4.2;-0.4;8.1
311;3.2;0.8;5.4
312;3.7;-1.1;9.3
313;3.7;-0.5;8.2
314;4.1;0.1;8.7
315;4.9;-0.1;8.4
316;5.2;1.4;9.1
317;5.9;2;10.7
318;5.4;2.9;7.1
319;6.4;5.3;8.3
320;6.6;4.7;8.6
321;7.2;6;8.8
322;7.6;5.1;9.7
323;7.8;6.2;10.2
324;7.1;2.2;9.2
325;8.5;0.8;14.5
326;9.2;7.3;11.9
327;8.3;6;11.1
328;8.2;6.3;10.1
329;7.8;4.9;11.4
330;8;2.5;12.8
331;10;7;12.2
332;14.4;11.4;18.8
333;12.8;10.8;14.7
334;10.3;8.3;12.1
335;8.3;5.5;10.9
336;7.8;6.5;9.1
337;8.1;5;12
338;9.3;4.1;14.8
339;10.1;6;13.3
340;13.2;8.4;18.4
341;12.1;8.2;15.8
342;10.4;6.1;15.3
343;10.6;5;16.2
344;10.3;8.7;12.9
345;8.5;4.9;10.6
346;6.7;2.9;10.7
347;8.2;2.7;12.4
348;9.9;5.9;13
349;8;2;12.3
350;9.5;4.2;14.5
351;8.7;6;11.4
352;6.8;4.4;8.9
353;4.5;1.4;8.2
354;4.9;1.6;8.2
355;4.9;1.8;7
356;5.9;3.4;9.2
357;5.2;0.9;8.2
358;7.5;4.5;11.1
359;7.6;4.1;10.5
360;7.9;1.6;13.6
361;10.3;2.6;16.8
362;10.1;6.8;13
363;10.4;4.5;15.4
364;12.9;6.9;18.7
365;16.9;10.3;23.1
366;19.5;11.4;25.8
367;20.8;16;25.4
368;20.4;15.6;24.4
369;19.2;15.9;21.8
370;20.2;16.2;25
371;20.2;15.7;24.7
372;16;9.8;20.6
373;8.8;7;11.5
374;8.5;6.1;10.9
375;9.1;5.2;12.3
376;12.1;6.9;16.6
377;12.7;8.4;17.4
378;13.3;11.1;16.5
379;13.6;11.1;16.9
380;16.6;10.9;22.6
381;15.5;13.1;19.6
382;12.2;11.1;13.4
383;11.3;9.8;14.1
384;11.7;9.9;14.1
385;13.1;7.5;17.8
386;15.7;11.8;19.6
387;17.4;12.2;22.1
388;17.2;14.9;20.1
389;16.1;14.6;18.9
390;18.9;15.5;21.9
391;18.9;14.3;23.7
392;14.2;12.4;16.8
393;15.1;12.5;19.1
394;19.7;12.6;26.6
395;19.8;13.9;24.1
396;17.7;12.7;23.3
397;19.4;15.5;24.3
398;16.1;12.7;20.1
399;14.6;11.3;18.4
400;15.5;11;19.8
401;15.9;12.4;19.7
402;17.2;14.1;20.9
403;15.5;13.9;17.9
404;15.6;13.1;17.8
405;14.1;11.2;16.4
406;15.7;11.2;19.4
407;15.5;13.1;18.8
408;13.8;11.1;16.4
409;15.3;12.1;18.9
410;15.5;14.4;16.4
411;16.7;14;20.8
412;18.8;12.8;24.3
413;21;18;26.3
414;19.2;14.8;21.3
415;15.6;12.2;18.4
416;15.4;12;18.5
417;15.8;12.8;18
418;16;10.7;20.3
419;15.8;13.1;20.6
420;16;14.5;18.4
421;16.4;15.2;17.5
422;15.6;13.7;17.5
423;15.4;11.2;18.6
424;17.2;10.2;22
425;15.6;13.3;17.6
426;15;10.3;18.6
427;16.7;10.5;21.8
428;17.1;14.3;21.2
429;18.9;14.1;23.1
430;20.2;15.6;25.4
431;18.7;16.2;21.2
432;17.8;13.7;20.5
433;15.3;12.1;18.5
434;14.8;10.6;18.5
435;16.2;11.2;20.1
436;19.2;16.8;21.2
437;19.7;17.3;22.3
438;20.1;14.8;25
439;21.8;13.6;28.5
440;25.1;20.2;32.5
441;20.8;17.7;25
442;20.9;17.5;24.7
443;21.4;18.9;24.7
444;20.5;17.6;24.5
445;18.8;16;21.6
446;18.8;14;23.6
447;18.2;17.1;20.1
448;18.7;15.4;21.9
449;18.5;16;20.7
450;18.6;16.5;21.8
451;16.8;14;19.2
452;17;14.1;20
453;16.4;14.1;18.5
454;19.2;17.8;21.6
455;18.6;16.8;20.8
456;17.4;14.6;20.8
457;17.1;13.7;21
458;18;13.4;22.9
459;17.9;14.3;19.7
460;14.4;11.7;17.7
461;13.4;10.7;16.2
462;13.7;9.1;16.4
463;18.6;16.8;21.4
464;17.8;14.7;20.5
465;17.4;14.1;20.4
466;16.3;10.4;20.9
467;16.9;13.3;20.3
468;17.9;13.6;22.4
469;17.6;11.8;22.7
470;18.3;13.1;23.8
471;18.2;14.9;22.3
472;17;14.6;19.7
473;18.2;15.9;21
474;20.9;15.7;26.7
475;23.8;17.7;30.2
476;24.5;17.8;30.8
477;21.6;18.1;23.9
478;20.8;17.3;24.7
479;20.4;18.4;22.5
480;17.9;14.3;20.5
481;17;11.6;22.7
482;18.2;12.5;24.3
483;18.2;14.6;21.6
484;17;12.7;20.8
485;18.6;16.4;21.2
486;18.2;16.4;20
487;17.8;14.5;21.4
488;18.4;13.9;22.3
489;20;14.9;25.7
490;20;15;26.8
491;18.2;13.2;22.3
492;19.1;13.5;24.9
493;19;16.1;21.3
494;21.8;18;26.9
495;23.7;18.4;30.5
496;24;18.6;30.6
497;22.1;17.7;27.4
498;18.2;16.1;20.6
499;17.5;15.7;20.1
500;16.1;13.5;19
501;15.7;11.2;19.2
502;16.2;13.5;20.3
503;15.6;10.4;20.7
504;15.1;10.7;18.9
505;15.8;9.8;23.1
506;16.4;12.5;22.8
507;14.5;10.5;18.4
508;14.4;8.2;20.3
509;18.3;16.2;20.3
510;16.2;14.4;17.7
511;14.5;11.9;17.6
512;13.2;9.8;18.2
513;12.3;9.7;14.5
514;14.6;12.2;17.9
515;13.7;11.4;17.2
516;10.8;8;13.4
517;10.1;5.3;13
518;12.4;11.1;14.5
519;11.8;9.1;14.4
520;9.1;4.7;14.7
521;8.7;5.1;13.1
522;9;3.7;12.7
523;9.7;8.1;11
524;9.1;8.3;10.6
525;9.7;7.7;12.3
526;10.9;9;14
527;13.2;9.6;19
528;13;10.4;16.3
529;10.5;8.8;12.9
530;9.8;6.5;12.4
531;9.9;7;12.7
532;8.1;2.5;13.4
533;7.5;3.8;10.3
534;5.6;1.2;11.9
535;7.3;4.2;8.9
536;9;8.2;10
537;9.7;5.7;13.1
538;11.6;8.4;14.1
539;13.7;9.6;15.3
540;10;5.8;15
541;9.3;6.1;14.3
542;9.7;5.2;15.8
543;9.3;5.9;14
544;7.6;4;11.2
545;7;3.5;11.4
546;8;7.1;9.8
547;7.4;5.1;10.7
548;7;3.8;9.9
549;5.1;1.2;6.7
550;1.5;-2.2;4.1
551;3;0.9;4.4
552;4.1;3;5.1
553;3;-1.7;5.8
554;2;-1.8;5.1
555;3.9;0.7;5.2
556;3.1;-1;7.6
557;11.1;7.4;13.3
558;12;8.3;14
559;9.2;7.3;11
560;6.6;3.3;8.6
561;5.4;3.8;8
562;7.5;4.6;10.6
563;11.2;7.2;13.6
564;10.6;7.2;12.7
565;8.1;5.7;10.5
566;7.2;4.7;8.7
567;4.6;1.3;6.9
568;2.1;-1.4;6.8
569;7;4.4;9.4
570;1.4;-1.5;4.5
571;-1.2;-5.6;4.2
572;2.8;-3.8;9.1
573;8.8;6.4;9.9
574;7.1;0.6;9.8
575;1.7;-2.2;7.7
576;-0.3;-2.8;4
577;-1.1;-4.5;3.6
578;0.7;-3.1;5.2
579;5.8;3.1;8.7
580;7.5;5.9;10.7
581;9.7;7.4;11
582;7.9;6.2;9.6
583;8.8;7.5;10.6
584;5.7;1.6;7.8
585;6.4;5.6;7.2
586;7.5;6;8.5
587;6.5;5.7;7.5
588;5.4;4.2;7.6
589;6.6;3.4;9
590;5.8;2.2;9.8
591;5.2;1.5;8.1
592;0.1;-2.8;3.5
593;3.8;-0.6;6.4
594;5.8;3.5;7.7
595;5.6;3.7;7.8
596;8.6;7.3;9.9
597;10.4;8.8;12.2
598;8.6;6.6;11.5
599;6.8;4.2;9.1
600;1.4;-1.1;3.9
601;-1.7;-3;-0.5
602;-0.1;-3.3;4
603;3.7;2.9;4.8
604;1.7;0;3.1
605;3.2;0.8;6.3
606;5.2;1.6;7.2
607;6.3;4.4;7.5
608;0.8;-3.9;3.8
609;-2.7;-5.4;-0.4
610;0.6;-1.2;2.6
611;4.1;0.9;7
612;5.2;4.1;6.5
613;5.8;3.5;7.2
614;7.2;5.5;9.7
615;5.8;1.8;7.5
616;3.3;0.2;5.7
617;2.8;0.9;4.9
618;1;-2.6;3.6
619;-0.4;-4.6;3.1
620;-3.3;-4.7;-0.2
621;-3.7;-6.4;-1.8
622;-1.3;-5;4.5
623;0.1;-3.7;4.5
624;0.7;-1.7;4.5
625;-1.7;-6.1;3.3
626;-0.4;-6;3
627;1.3;-0.1;2.7
628;-0.6;-3.7;0.8
629;-2.5;-4.4;-0.2
630;0.2;-4;4.3
631;5.7;3.1;9.4
632;4.5;3;5.9
633;5;3.3;6.9
634;4;3.4;5.4
635;3.5;0.7;5.8
636;8.6;5.9;12.3
637;8.7;6.6;10.6
638;5.5;2.5;7.1
639;4.2;2.1;6
640;4.3;1.9;6
641;2.7;1;4.2
642;0.1;-0.7;1
643;-1.3;-1.9;-0.8
644;-2.2;-3.8;-1.5
645;-0.5;-1.9;0.6
646;0.2;-1.3;1.9
647;1.4;-1.2;5.1
648;3.5;-0.1;8.9
649;6.7;2.1;12.7
650;6;3.2;8.8
651;7.1;5.8;8.1
652;4.6;2.2;8.7
653;6;2;9.8
654;8.9;7.2;10.6
655;9.1;7.3;10.1
656;9.1;7.6;10.5
657;8.1;4.5;10.4
658;4.7;0.8;7.8
659;5.3;0.2;8.5
660;8.5;7;10.4
661;8.7;5.6;10.1
662;4.5;2.6;6.2
663;6;3.6;8.2
664;6.5;4.4;8.2
665;5.5;1.2;8.5
666;8.7;6;12.5
667;7;5.3;10.6
668;5.8;2.8;9.7
669;6.7;5.5;8.3
670;6.1;3.3;10
671;7.2;1.7;12
672;6.4;0;11.3
673;7.7;3.3;12.4
674;9;4.8;15
675;6.4;1.5;11.4
676;7.9;3.3;12.8
677;9.1;5.7;13.2
678;9.6;3;16.1
679;8.2;7;9.3
680;9;7.8;10.5
681;11.2;9.5;13.2
682;10.4;9;11.2
683;7.5;4.1;9.1
684;6.9;1.7;12.3
685;8.1;2.1;12.8
686;8.6;4.9;12.7
687;8.7;4.3;13
688;10.4;3.4;17.9
689;11.1;3.4;19.7
690;12.3;10.6;14.1
691;15.4;9.9;21
692;14.6;10.9;21.3
693;10.2;7.1;13.4
694;10;5.3;15.7
695;9.2;7.7;13
696;9.9;5;16.4
697;8.9;5.9;12
698;8;5.6;10.5
699;10.5;7.3;14.2
700;10.4;7;14.8
701;12.1;4.5;20
702;10;6.6;13.2
703;9.2;3.9;12.8
704;10.1;9.2;11.3
705;9;7;11.6
706;9.3;4.3;13.1
707;9.7;8.5;11.4
708;7.9;5.2;10.1
709;7;4.4;10.3
710;6.3;2.5;10.6
711;5.5;1.3;8.3
712;6.5;0.1;11.5
713;10.9;9.5;13.1
714;8.2;5.4;10.6
715;6.9;3.1;10
716;9;6;11.9
717;6.4;4.6;8.3
718;5.8;0.3;10.6
719;6.4;1;10.2
720;7.9;4.6;10.8
721;8.3;3.3;12.9
722;11.9;5.1;18.3
723;12.4;10.2;14.2
724;11.5;8.8;15.3
725;10.7;7.9;14.2
726;10.7;8.8;12.1
727;9.5;8.1;10.9
728;12.1;7.3;17.2
729;11.4;9.2;15.4
730;10.3;7.1;15
731;8.5;3.8;12.2
732;9.2;4.1;14
733;14.8;5.8;22.6
734;15.7;13.8;20.3
735;14.3;10.2;17
736;13.8;9.3;19.5
737;14;7.6;19.9
738;20;16;25
739;22;16.2;28.1
740;15.9;13.1;20.8
741;13.5;10.9;15.6
742;13.3;9.2;17.2
743;14.3;7.9;19.9
744;17.6;10.4;23.6
745;15.9;12.5;18.8
746;15.6;10.3;20.7
747;16.6;9.5;21.9
748;19.8;12.6;25.5
749;22.6;16.8;30.2
750;19;14.9;23
751;20.7;15.4;26.4
752;17.3;16;19
753;17;13.5;20.4
754;16.5;9.1;22.5
755;20;13.4;24.6
756;18.3;14.2;21.5
757;15.7;13.4;18
758;16.3;11.4;20.8
759;14.9;11.6;18
760;14.3;12.1;17.4
761;16.2;12.3;22.1
762;16.3;15;18.6
763;17.7;12.3;23.6
764;19.6;13.1;26.7
765;16.3;14.7;17.9
766;16.6;13.3;19.2
767;17.6;10.6;23.2
768;19.7;14.7;25.1
769;16.3;14;17.8
770;18.4;14;22.7
771;20.9;13.6;27.2
772;24.1;18.2;29.5
773;21.7;18.2;24.7
774;20.1;14;26.1
775;22.2;16.9;28.3
776;18.5;16.6;20.7
777;18.1;16.6;19.7
778;17.5;16;18.6
779;16.6;13.2;18.8
780;17;11.9;22.1
781;18.1;16.5;22.1
782;17.2;14.5;20.3
783;16.3;12.2;19.3
784;16.3;13.2;19.7
785;16.2;12.5;19.1
786;16.6;10.9;21.1
787;18.3;13.9;22.4
788;19;13.9;23.5
789;20;14.1;25.7
790;20.1;17;24.6
791;18.7;14.3;22.3
792;17.3;10.3;22.7
793;19.2;15.7;24.8
794;18.3;16;20.7
795;15.8;12.8;18.8
796;15.4;10;19.1
797;15.2;11;18.2
798;17;11.7;21.2
799;18.2;16.1;20.4
800;18.4;13.5;22
801;18.9;13;24
802;23;18;29
803;19.8;15.3;22.8
804;18;12.6;21.9
805;19.5;15.7;23.8
806;16.6;14;19.3
807;15.6;12.2;18.7
808;16.5;12.4;19.9
809;18.1;13.5;23
810;18.4;17;20
811;17.8;15.9;20.6
812;18.4;16.1;22.7
813;18.6;14.9;20.8
814;18.1;14.3;21.7
815;18.2;12.9;22.3
816;18.2;15.7;21.3
817;19;16.3;21.7
818;18.7;17;20.9
819;17;13.6;19.8
820;16.3;11;20.3
821;16.3;11.4;21.3
822;16.6;13.2;19.3
823;16.9;13.6;20.3
824;16.2;11.5;19.7
825;16.7;13.3;19.9
826;17.3;15;20.5
827;16.2;12;20.1
828;18;13;23.8
829;18.2;15.6;21.4
830;17.5;12.4;22.1
831;17.3;14.4;19.9
832;17.4;13.7;20.9
833;15.9;13;18.6
834;16.2;12.7;19.1
835;16.4;12.1;20.9
836;17.9;13.6;22.6
837;19.3;14;24.8
838;18.8;15.3;20.6
839;17.5;13;22.1
840;18.6;13.1;23.3
841;18.6;13.4;23.9
842;19.4;13.7;25.3
843;20.7;15.4;26.3
844;17.4;14.2;19.6
845;15.2;12;19.1
846;14.4;9.1;18.2
847;14.7;10.1;19
848;14.5;9.1;19.8
849;16.4;11.3;20.6
850;18.6;16.6;21.4
851;16.3;15;17.4
852;16.1;14.1;18.1
853;15.1;12.8;16.4
854;14.4;10.6;18.1
855;13.9;10;17.9
856;14.2;12.3;16.2
857;14.9;12.4;17.1
858;14.7;12.2;16.9
859;13.1;11.4;15.6
860;12.5;9.9;15.9
861;11.8;10.4;13.2
862;11.7;6.9;16.2
863;12.4;8.8;16.1
864;12.6;9;16.7
865;13.9;10.2;17.9
866;14.6;11.1;18.4
867;12.9;9.4;16.4
868;11.9;7;18.1
869;13.2;8.1;18.6
870;14.3;10.2;17.5
871;14.3;12.2;15.6
872;13.9;9.6;19.5
873;16;14;18.8
874;16.7;13.1;22.5
875;14;9.1;16
876;13.5;9.5;16.6
877;15.8;14.4;17.1
878;14;12;16
879;13.7;12.4;15.3
880;13.4;11.6;15.7
881;11.8;10.3;13.9
882;12.5;10.3;14.9
883;12.8;11.7;14.4
884;12.2;10.7;14.4
885;14.3;12.5;16.3
886;14.9;14.3;15.4
887;13.9;11.4;15.4
888;14.8;11;18.4
889;15.6;12.7;19.2
890;15.7;11.9;21.2
891;18;13.7;23.3
892;13.7;9.5;17.9
893;13.7;8.5;17.6
894;15.7;11.6;19.6
895;14.2;12.2;17.2
896;12.9;10.8;17.1
897;11.5;10.1;13.3
898;12.7;11.2;14.9
899;15.1;13.2;16.8
900;14.6;10.1;16.8
901;13.7;11.2;16.5
902;11.9;10.5;13.7
903;12.5;11;15.3
904;11.2;6.7;15.3
905;8.2;5.2;11.3
906;10.6;7.5;12.9
907;11.8;9.4;13.8
908;9.9;5.9;13.8
909;9.2;5.4;13
910;10.8;8.7;13.3
911;7.9;5.3;11.2
912;6.4;2.2;10.5
913;4.2;1.1;9.2
914;5.8;2.2;7.7
915;8.5;6.4;11.9
916;9.5;6.9;12
917;7.9;5.6;10.9
918;5.9;4.7;7.5
919;7;3.8;9.8
920;7.8;4.5;10.5
921;10;9.1;10.9
922;9.9;8.2;11.4
923;5.9;2.2;10.4
924;7.7;5.8;9.7
925;7.1;5.7;9.5
926;8.1;5.3;11.7
927;11.9;11.2;12.6
928;11.1;9.6;12.8
929;10.7;7.2;14
930;7.1;3.9;9.1
931;4.3;1.1;8.1
932;6.1;4.5;7.8
933;7.7;5.6;10.2
934;6;3.7;8.4
935;3.2;1.6;5
936;2.2;-1;4.1
937;0.6;-2.7;4.5
938;-0.6;-4.1;1.3
939;4.9;1.5;8.7
940;7.3;5.5;9
941;8.2;7;9
942;8.7;7.4;10.1
943;6.3;4.8;7.5
944;3.8;1.4;6.3
945;3.5;2;5.4
946;0.8;0;1.4
947;0.2;-2.1;1.7
948;2;0.5;4.2
949;3.3;0.9;6.2
950;3.8;0.5;6.1
951;2.4;-0.9;4.4
952;2.3;-0.4;4.5
953;2.5;-2.1;6.6
954;6.2;1;8.2
955;5;0.3;8.1
956;7.7;5.2;9
957;8.4;7.7;9.1
958;8.3;6.1;9.7
959;8.6;8.1;9.1
960;8.4;7.7;9.6
961;8;4.8;9.8
962;5.8;4.7;7.2
963;5.3;3.6;6.8
964;4.3;1.9;5.4
965;3;-0.3;7.3
966;8.4;4.2;11.4
967;10.5;8.6;12.9
968;7;5.9;8.2
969;6.4;4.2;8.4
970;8.6;6.1;10.6
971;8.2;7;10.8
972;6.2;4;7.9
973;4.8;2.1;6.9
974;1.8;-0.1;3.8
975;0.8;-1.1;3.4
976;2.4;-0.3;5.5
977;6.7;5.5;7.3
978;6.2;3.9;7
979;5.1;3.9;6.1
980;4.4;3.1;6.1
981;2.9;1.2;5.1
982;4.9;1.6;8.1
983;5.8;3.9;7
984;4.6;3.1;6.3
985;5;2.5;9.8
986;4;1.5;5.8
987;2.1;-0.5;3.7
988;3.3;0.5;6.5
989;5.8;2.3;8.1
990;7.5;3.3;10.4
991;11;7.1;13.5
992;7.4;5.2;9.2
993;5;3.1;7.8
994;5;1.3;6.9
995;9.6;7.5;11
996;9.2;5;11
997;4.4;1.9;7.2
998;6.5;3.2;9.5
999;4.3;2.6;6.2
1000;4.6;1.7;6.7
1001;2.1;-1.2;4.3
1002;2;0.5;3.3
1003;1.6;-1.3;3.2
1004;-1.4;-3.6;1.2
1005;-1.3;-6;2.4
1006;1;-2.6;5.6
1007;0.5;-0.8;2.1
1008;2.9;0.6;6.1
1009;4.7;2.6;6.6
1010;3;0.6;4.9
1011;1.9;-0.8;6
1012;1.9;-1.8;5.8
1013;4.4;0.5;9.4
1014;4.1;-0.4;7.6
1015;2;-2.2;7.4
1016;1.6;-2.3;7.1
1017;1.8;0.2;3.2
1018;1.1;-3.2;4.4
1019;0.8;-2.8;4.5
1020;0.9;-1.4;4.4
1021;0.1;-2.6;3.2
1022;-0.2;-2.8;3.2
1023;-1.7;-4.2;1.2
1024;-2.6;-4.9;0.2
1025;-2.7;-5.2;0
1026;-6.4;-8.6;-5.2
1027;-5.1;-8.5;-1.4
1028;-3.7;-6.9;-0.1
1029;-1.9;-4.6;1
1030;4.2;-2;10.6
1031;6.4;2.9;10.8
1032;5.7;1.3;9.5
1033;6.3;1.8;10.3
1034;4.6;1.5;8.6
1035;6.4;1.2;9.4
1036;10.8;6.6;14.4
1037;9.6;5.8;11.4
1038;9.8;5.6;13.3
1039;5.9;4.2;8.8
1040;5.7;0.1;11.1
1041;6.8;3.1;10.4
1042;4.3;0.6;6.3
1043;-0.9;-2.4;0.4
1044;-0.6;-2.8;1.9
1045;-0.2;-3.1;3.6
1046;3.7;-1.6;7.9
1047;2.9;-2.9;7.6
1048;6.3;4.4;9.3
1049;6.3;5.4;7.1
1050;6.5;4.3;10.1
1051;4.6;-0.4;10.7
1052;5.3;1.6;9.4
1053;6;3.1;7.6
1054;6.4;2.2;9.8
1055;8.9;5.5;13
1056;7.1;3;10.9
1057;5.4;3.4;7.2
1058;6.7;1.7;11.7
1059;12;9;16.2
1060;10;7.7;13.8
1061;6.8;2.8;9.6
1062;8.2;1.8;14.6
1063;13.9;8.5;20.8
1064;14.3;8.4;20.5
1065;11.2;8.3;13.8
1066;14.4;9.7;19.1
1067;13;9.6;17.9
1068;10.5;8;13.1
1069;10;6.6;13.6
1070;10.7;6.9;14.4
1071;12.5;9.3;17
1072;11.8;7.5;14.4
1073;12.7;5.5;19.2
1074;16.2;8.8;23.2
1075;20.1;13.7;26.8
1076;17.5;10.1;24.4
1077;14.6;9;20.2
1078;17.1;10.9;25
1079;12.6;10.2;16.3
1080;12.1;10.2;14.3
1081;11.5;8.9;13.4
1082;10.3;8.4;13
1083;10.1;5.4;14
1084;11.5;8.3;14.1
1085;9.8;6.7;11.7
1086;9.4;6.8;11.1
1087;8.2;5.8;11.6
1088;10.6;4.6;16.5
1089;10.3;6.1;14.1
1090;11.7;4.9;17
1091;14.7;7.6;20.3
1092;17.5;9.8;24.8
1093;19.1;13.3;24.5
1094;19.8;12.9;26.4
1095;16.9;11.1;22.6
1096;12.1;8.6;15.5
1097;12.3;6.1;18.3
1098;17.2;10.8;22.6
1099;13.6;10.9;18.3
1100;17.4;10.7;25
1101;19.4;14.4;23.6
1102;15;10.5;18.5
1103;10.7;8.2;13.6
1104;10;5.9;13.2
1105;11;9.3;13.2
1106;15.4;7.5;21.6
1107;18.5;10.8;24.4
1108;18.1;14.3;21.4
1109;18.7;14.5;24.8
1110;19.2;15.6;22.4
1111;20.2;16.5;24.2
1112;21.8;16;26.9
1113;21.4;17.9;24.7
1114;23;16.4;28.5
1115;22.7;17.5;29.3
1116;20;16.8;26
1117;20.1;16.9;23.3
1118;16.5;13.6;20.9
1119;16;14.2;18.8
1120;18.5;14.8;22.4
1121;17.6;14.7;22
1122;16.4;13.8;19.9
1123;19;11.7;25.8
1124;21.2;13.6;27.2
1125;17.7;15.4;20.6
1126;19.3;16.6;23.2
1127;18.3;14.4;21.9
1128;16.9;12.5;21.2
1129;15.2;13.7;16.6
1130;15;11.9;18.2
1131;15.8;12.2;19.8
1132;17.6;11.9;22.3
1133;17.2;14.2;20.4
1134;16.3;14.1;18.4
1135;16.5;14;18.8
1136;18.4;15.6;21.7
1137;18.3;14.8;23.2
1138;14.5;12.1;17.7
1139;13.2;10.3;15.1
1140;14.2;8.6;18.8
1141;14.4;9.9;17.6
1142;16.3;13.7;20.4
1143;15.7;9.6;21.4
1144;17.1;13.1;22.8
1145;21.2;15.8;26.6
1146;19.5;14.6;25.3
1147;20.8;14.5;26.8
1148;21.8;16.8;26.5
1149;20.7;14.9;25.2
1150;19.6;15.7;24.2
1151;19;14.4;24.7
1152;17.9;12.5;21.6
1153;19.4;14.4;24.3
1154;19;13.2;24.2
1155;19;13.1;23.7
1156;17.4;13.1;21.4
1157;16.4;13.5;21.3
1158;17.3;11.2;22.2
1159;18;14.1;22.7
1160;17.7;12.6;23.2
1161;18.5;12.3;23.6
1162;20.6;12.9;27
1163;22.7;16.3;28.2
1164;20.1;16.2;23.4
1165;19.2;13.7;23.6
1166;19.9;14.6;25.1
1167;19.7;12.9;24.7
1168;20.8;14.9;25.2
1169;19.9;14.6;25
1170;22.2;15.4;28.6
1171;24;17.7;29.5
1172;24.6;18.9;29.8
1173;27.2;21;34.3
1174;29.5;23.5;35.2
1175;21.5;17.9;27.5
1176;20.5;14.7;25.9
1177;23.7;19.3;28.9
1178;20.5;16.7;24.2
1179;19.9;12.9;25.7
1180;22;16;27.4
1181;23.6;15.6;30
1182;22.4;18.3;27.3
1183;20.6;16.2;25.3
1184;23;15.8;30
1185;25.8;16.9;33.4
1186;20.8;16.6;26.4
1187;17.6;13;21.9
1188;16.3;12.8;21.1
1189;15.9;12.1;19.7
1190;19.7;12.9;26.3
1191;19.3;18.2;21.8
1192;19.1;16.8;22.6
1193;19.6;17.1;22.4
1194;18.4;16.1;21.2
1195;18.1;14.4;21.6
1196;17.7;14;20.9
1197;19.1;17;22.1
1198;20;16.6;22.4
1199;20.1;15.4;24.8
1200;20;16.5;24
1201;18.6;15;22
1202;15.6;12;18.1
1203;13.1;10.1;16.7
1204;13.8;7.7;18.5
1205;17.2;13.2;19.7
1206;17.7;13.2;21
1207;15.2;11.3;19.7
1208;15.7;12;19.1
1209;14.2;9.7;18.6
1210;14.4;9;20.2
1211;16;9.5;21.9
1212;18.4;13.7;21.9
1213;20.6;18.5;24.6
1214;18.1;16.9;20
1215;16.8;14;18.1
1216;14.9;13.2;16.5
1217;14.9;11.3;17.7
1218;17.8;13;22.1
1219;17.4;15.1;18.9
1220;18.1;14.5;21
1221;15.6;12.9;18.5
1222;13.4;8.5;18.4
1223;13.7;8.4;18.6
1224;16;12;19.3
1225;15.6;10.6;22
1226;16.6;11.4;23
1227;18.6;15;23
1228;18.4;14.3;22.7
1229;18.9;16.4;22
1230;16.3;12.2;20
1231;13.2;11;16
1232;10.5;8;12
1233;11;7.7;15
1234;10.9;6;16
1235;12.6;7.5;18.4
1236;14.7;10.5;20.6
1237;13;9.5;15.7
1238;9.9;4.7;15.3
1239;10.6;4.6;16.2
1240;10;8.1;12.5
1241;11.9;8.4;15.9
1242;12.9;10.3;15.5
1243;14.7;11.8;17.9
1244;13.5;9.1;20.2
1245;13.4;8.5;19.8
1246;11.2;7.3;14.4
1247;10.9;6.2;16.1
1248;12.6;8.5;17.9
1249;14.9;7.7;22.3
1250;17.3;13.3;22
1251;18;13.8;21.6
1252;19.9;16.6;25.3
1253;18.3;15;23.4
1254;17.2;13.8;22.3
1255;16.1;11.4;23.1
1256;14.5;11.3;18.5
1257;12.9;10.1;15.3
1258;10.1;6.7;14.6
1259;10;4.8;15
1260;12.8;9.5;15.8
1261;12.1;7.6;14.7
1262;12.7;8.4;14.9
1263;14.3;13.1;15.7
1264;12.5;11.6;13.2
1265;10.3;6.5;12
1266;7.5;5.9;10.3
1267;5.5;3;7.9
1268;5.3;3.9;6.3
1269;5.8;3.8;10.1
1270;8.5;5.5;10.6
1271;10.1;8.6;12.3
1272;9;6.5;11.4
1273;5.5;1.7;10.4
1274;6.1;2.1;10.9
1275;7.8;5.4;10.3
1276;11.8;6.7;18.1
1277;11.1;8.6;12.9
1278;9.2;5.6;12.6
1279;8.9;6.9;10.9
1280;11.4;9.7;12.9
1281;11;8.5;13.4
1282;10;8;11.9
1283;10.2;8.3;13.3
1284;8.8;6.2;12.7
1285;7.5;4.4;12.2
1286;3.3;0.6;4.9
1287;4.6;1.7;8.1
1288;3.5;0.5;6.5
1289;5.5;3.7;6.5
1290;3.6;2.8;4.3
1291;3.6;2.2;5
1292;3.4;2.6;4.2
1293;3.4;1.1;5.8
1294;2.6;1.8;3.4
1295;3.6;2.4;4.9
1296;4.8;3.4;5.6
1297;3.2;1.6;5.2
1298;6;3.2;9.4
1299;10.2;9.4;10.7
1300;9.4;5.8;11.3
1301;7.1;5.2;9.6
1302;12.2;9.8;13.5
1303;11.7;7.9;13.1
1304;5.4;2;9.1
1305;5.5;2.8;8.5
1306;11.1;8.8;12.3
1307;10.6;7.6;12
1308;9.7;7.9;11.4
1309;8.4;6.6;10.1
1310;6;3.8;7.3
1311;4.8;1;7.5
1312;2.1;-1.2;5.4
1313;1.6;0.2;2.6
1314;1.4;-1;3.6
1315;0.5;-0.1;1.2
1316;1.5;-0.8;3.7
1317;5.2;2.6;8.5
1318;6.3;3.5;7.8
1319;7.1;5.5;9.3
1320;7.3;5.8;8.2
1321;9.5;7.2;12.8
1322;9.2;8;9.9
1323;6.9;4;8.7
1324;6.5;5.2;8.2
1325;6;4.2;8
1326;5.4;4.3;6.4
1327;2.9;-0.3;5.1
1328;4.7;0.4;6.8
1329;8.5;6.7;10.7
1330;8.7;7.2;9.5
1331;9.1;8.4;10.5
1332;7.9;6.2;8.9
1333;5.8;4;6.7
1334;3.2;1.2;6.1
1335;5;1.1;6.6
1336;7.2;5.9;7.9
1337;6.3;5.2;7
1338;7.5;4.9;9.7
1339;7.5;6.1;8.4
1340;5;3;6.9
1341;3.1;-0.9;5.8
1342;7.3;5.4;8.9
1343;7.8;6.6;8.7
1344;8.9;8;9.8
1345;5.3;1.7;8.3
1346;6.4;1.9;8.4
1347;6.7;4.7;8.4
1348;3.9;0.7;5.7
1349;0.4;-2.8;4.8
1350;-0.6;-2.8;2.2
1351;-1.7;-5.3;3.2
1352;-1.4;-6.8;5.7
1353;-1.2;-2.5;-0.1
1354;-0.5;-1;0
1355;-1;-1.8;-0.4
1356;1;-2.2;8.5
1357;7.6;6.7;8.5
1358;6.1;4.5;7.3
1359;4.4;0.8;5.6
1360;1.6;-1.1;4
1361;0.8;-0.1;2.2
1362;-0.5;-1.5;0.7
1363;0.7;-0.7;2.2
1364;2.4;1.2;3.6
1365;1.8;-1.5;6.4
1366;1.8;-0.2;3.6
1367;4.4;3.7;5.6
1368;4.9;2.9;6.6
1369;7.8;6;9.4
1370;7.6;4.5;9.6
1371;8.5;7;9.8
1372;6.4;4.4;8.2
1373;5.2;0.8;8.3
1374;5.4;0.2;9.4
1375;6.6;3;9.3
1376;5;0.5;11.6
1377;7;1.7;13.8
1378;6.5;1.7;12.6
1379;7.3;2.6;14
1380;7.7;2.8;13.3
1381;7.2;5.6;9
1382;7.7;4.9;12
1383;7.5;4.4;10.6
1384;9;7;11.8
1385;7.8;4.2;12.4
1386;7;2;14.3
1387;8.3;1.1;17.9
1388;9.1;2.3;18.2
1389;9.5;5.1;17.1
1390;7.2;1.4;12.6
1391;6.3;4.9;8.6
1392;7.9;3.5;11.8
1393;10.9;9.2;12
1394;8.8;5.5;12
1395;7.2;5.2;9.3
1396;9.2;7.1;10.7
1397;9.2;7.4;10.6
1398;7.7;6.6;9.6
1399;8.5;7;10.3
1400;5.8;3.8;8.6
1401;5.5;3.6;8.1
1402;6.3;2.4;8.9
1403;7.6;6.1;9.1
1404;8.1;6.7;10.5
1405;9.1;6.4;12.2
1406;9.5;6.8;10.9
1407;7.3;5;10.9
1408;5.8;2;9
1409;5.1;-1;11.9
1410;9.6;6.4;12.4
1411;8;5;9.7
1412;8.8;6.2;15.6
1413;8.1;4.5;11.6
1414;5.3;0.2;9.9
1415;7.6;6.4;9
1416;7.3;2.8;10.2
1417;8.8;5.7;12.4
1418;8.4;5.8;10.3
1419;9;1.9;16.4
1420;10.5;4.1;16.9
1421;7.8;2.9;13.8
1422;9.6;6.8;14.8
1423;6.3;3.9;10.1
1424;5.8;2.1;9.7
1425;7.4;2.6;11.9
1426;9.8;7.9;13.3
1427;14.6;9.5;20.7
1428;14.2;8.3;19.5
1429;9.7;6.2;13.2
1430;6.6;4.1;9.7
1431;6.4;3;9.8
1432;6.4;4.2;9.1
1433;4.2;0.8;6.7
1434;5.7;1;10
1435;9.8;2.7;16.4
1436;11.9;6.8;17.1
1437;12.7;8.7;15.8
1438;15.9;10.6;21.4
1439;16.6;10.9;22.8
1440;16.9;10.4;22.8
1441;15.2;8;21.6
1442;17.2;8.9;24.4
1443;16.3;10.7;20.8
1444;17.5;12;23.9
1445;12.5;9.1;17.5
1446;12.1;8.2;16.3
1447;10.6;8.9;12.5
1448;9.4;7.1;13
1449;10.3;4.4;14.9
1450;10.6;9.5;12
1451;9.2;6.4;11.7
1452;9.2;4.1;12.8
1453;7.9;5.6;10.2
1454;6;3.2;9.1
1455;7.3;3.3;10.5
1456;7.5;3.1;11.5
1457;8.5;4.3;12.7
1458;10;6.1;14.1
1459;11.7;7.5;16
1460;10.5;8;13.3
1461;9.7;6.5;13.4
1462;9.3;4.5;13.7
1463;9.6;3.3;14.7
1464;11;6.3;15.3
1465;12.3;6;16.3
1466;12;7.2;16.2
1467;12.5;9.9;14.7
1468;14.2;8.7;19.8
1469;14.4;12;19.3
1470;12.5;11.2;14.4
1471;11.6;10.6;12.6
1472;13.3;10.2;17.4
1473;14.9;8.1;19.9
1474;14.4;9.7;19.6
1475;13;8.4;17
1476;15.5;9.5;20.4
1477;14.3;9.7;17.3
1478;12.2;9.8;14.9
1479;12.4;5.2;18.3
1480;16.4;12.8;20.1
1481;17.5;14.2;20.1
1482;18;11.3;23.5
1483;22.6;15.8;30.4
1484;17.1;14.2;19.1
1485;17.4;10.2;23.3
1486;16;14.2;18.3
1487;14.3;11;17.6
1488;14.9;9.6;22.1
1489;14.4;11.9;17.6
1490;15.1;10.4;19.2
1491;17.4;14.3;21.1
1492;15.5;13;18.3
1493;13.6;10.2;17.1
1494;13.8;10;17.1
1495;15.8;11;22.2
1496;15.7;13.3;19.2
1497;16.5;11.1;20.9
1498;18.4;12;23.9
1499;19.7;12.6;25.7
1500;19.1;16.4;23.4
1501;16.8;14;19.3
1502;15.8;12;19.2
1503;16.5;10;21.4
1504;21.7;14.8;28.1
1505;25.5;20;30.3
1506;25.8;20.3;31.9
1507;19;16.7;22.7
1508;16.6;13.4;19.9
1509;17.8;14.3;22.3
1510;22.9;13.8;31.3
1511;20.6;17.4;22.9
1512;17.9;16.1;20.4
1513;17.5;13.7;20.7
1514;15.1;10.5;19.6
1515;15.7;8.6;21
1516;18.2;14.4;21.6
1517;16.4;12.9;20.2
1518;14.4;10.5;18.8
1519;14.1;10.4;16.8
1520;14.7;8.6;20.3
1521;14.8;12.9;17.1
1522;18.4;15.4;22.1
1523;17;15.3;20.9
1524;16.8;15.3;18.8
1525;15.4;13.3;18.7
1526;15.2;13.6;17.5
1527;16.1;13.6;19.7
1528;17.6;11.1;24.1
1529;19;16.9;22.1
1530;18.6;13.8;22.5
1531;19.2;16.8;22.8
1532;19;15.1;21.6
1533;20.5;16;26
1534;23.6;15.1;30.9
1535;26.2;20.8;34.8
1536;27.3;18.1;36.1
1537;28.1;21.7;35.8
1538;22.2;18.4;28.3
1539;19.5;18.3;23.3
1540;19.7;15.6;23.8
1541;21.7;15.6;27.7
1542;18.4;16.5;20.8
1543;18.4;16;21.1
1544;18.8;17.1;20.7
1545;18.4;15.1;21.4
1546;19;13.7;24.3
1547;20.5;18.2;22.7
1548;19.3;15.7;22.4
1549;19.2;16.5;21.9
1550;19.4;16;22.5
1551;19;14.4;23.8
1552;20.1;17.7;22.7
1553;18.4;16.1;21
1554;16.4;14.6;18.7
1555;14.8;11;18.4
1556;15.5;10.9;21
1557;17.7;15.3;20.5
1558;17.1;11.3;21.1
1559;18.2;16.3;20.6
1560;17;15.8;19.8
1561;17.2;13.8;21.2
1562;16.5;13.4;19.7
1563;16.1;10.4;21.4
1564;16.9;11.3;22.4
1565;18.4;12.2;25.2
1566;21.4;14;28.7
1567;22.8;14.4;30.4
1568;23.8;15.8;29.8
1569;25.3;19.2;32.2
1570;21.9;18.9;24.7
1571;19.1;15.1;22.5
1572;17.1;12.6;21.8
1573;19.7;13.5;27.4
1574;16.6;13.3;19.5
1575;15.5;11;19.5
1576;17.4;13.9;20.5
1577;15.3;11.8;17.6
1578;14.6;10.7;16.7
1579;14;8.5;18.5
1580;14.8;11.8;17.9
1581;13.9;9.1;17.6
1582;13.1;7.3;17.3
1583;13.8;9.3;18.2
1584;15.4;12.6;18.4
1585;17.9;14;21.7
1586;17.6;13.1;19.6
1587;14.8;9.8;19.7
1588;15.5;9.8;20.6
1589;14.3;11.7;16.5
1590;13.2;9.5;17.8
1591;13;9.9;16.5
1592;13.3;10.1;17.4
1593;12.7;7.8;18.5
1594;15.9;8.7;23.1
1595;18.5;13.3;26
1596;16.4;13.1;18.8
1597;15.4;14;17.8
1598;15.4;13.2;17.3
1599;16.2;14.9;18.1
1600;15.5;14;17.8
1601;15.6;12.7;18.3
1602;15.3;13;17.6
1603;14.6;13.2;16.6
1604;15.5;10.9;18.5
1605;10.9;8.6;13.3
1606;11.4;7.7;15.6
1607;10.7;8.7;15.1
1608;9.4;4.8;13.9
1609;9.3;8.8;10.3
1610;9.5;6.9;11.2
1611;13.6;11.6;15.8
1612;11.8;9.8;13.4
1613;12.5;9.2;15
1614;14.5;13.2;16
1615;12.5;11.3;16.2
1616;15.4;11.4;21.2
1617;13.8;11.5;16.8
1618;15.4;13.6;16.8
1619;13.1;10.5;14.6
1620;13.1;10.4;15.9
1621;12.4;10.7;13.6
1622;11.8;10;14.6
1623;11.1;8;14.1
1624;12;11;14.5
1625;11.7;7.9;14.4
1626;10.3;5.3;14.3
1627;14.3;11.6;19.1
1628;13.4;11.4;15.6
1629;16.2;15;18.4
1630;10.4;8.8;13.5
1631;8.1;4.7;12.3
1632;7.2;2.7;11.4
1633;5.6;1.8;10.1
1634;4.5;0.1;9.5
1635;7;2;12.6
1636;12.9;11.1;14.4
1637;10.4;8.2;12.2
1638;10.2;7.7;12.2
1639;9.6;7.8;11.4
1640;8.6;7.1;11
1641;7.7;6.2;9.3
1642;5.6;2.9;9.8
1643;6.8;3.6;9.8
1644;3.2;-0.8;8.5
1645;5.2;1.7;7.4
1646;5.2;3.8;6.4
1647;6.3;4.3;8.9
1648;5.6;3.5;7.5
1649;4.7;3.9;5.6
1650;4.2;2;6
1651;4.7;1.6;8.5
1652;6.5;4.6;8.3
1653;5.2;2.5;7.2
1654;2;-1.4;6.5
1655;2.8;1.3;4.6
1656;6.4;2.8;10.2
1657;5.9;4.5;7.5
1658;6;2.5;8.9
1659;7.3;5.2;9.5
1660;9.6;7.7;11.3
1661;10.3;9.8;10.9
1662;9.7;8.2;10.7
1663;5.9;2.3;7.9
1664;3.8;0.7;8.7
1665;1.8;-2.1;6.2
1666;4.9;-0.7;9.4
1667;5.7;2.1;8.4
1668;3.3;-0.5;7.7
1669;1.6;-2.1;5.6
1670;7;5.5;9.4
1671;9.5;8.2;10.3
1672;9.4;7.6;11.3
1673;6.8;5.3;8.6
1674;4.8;1.2;7.5
1675;6.4;4.2;8
1676;4.2;1.6;5.5
1677;5.2;3.7;8
1678;6.3;4.9;8.4
1679;7;4.2;9
1680;6.5;4.2;8.5
1681;9.1;6.6;13
1682;6.7;4.2;8.2
1683;10.4;6.7;13
1684;10.5;8;11.7
1685;7.1;5.7;8.5
1686;7.9;6.5;9.2
1687;8.5;7.6;9.2
1688;7.9;5.7;10
1689;7.8;6.2;9.1
1690;5.8;4.7;6.2
1691;4.1;1.2;6.2
1692;0.7;-2;2.7
1693;1.4;-1.5;3.6
1694;4.5;1.5;7.2
1695;5.3;0.1;8.7
1696;2;0.2;3.5
1697;3.7;1.5;6.7
1698;7.8;4.5;10.1
1699;7.1;5.5;8.2
1700;7;6.2;7.6
1701;6.1;3.5;6.7
1702;6.7;3.5;7.7
1703;10.3;7.7;12
1704;11.1;8.7;12.2
1705;7.1;2.5;11.6
1706;6.2;3.1;8
1707;7.8;5.7;10.7
1708;7.1;4.7;9.1
1709;10.3;8.2;12.6
1710;9.8;6.2;12.2
1711;7.1;3.7;9.5
1712;8.5;6.5;10.2
1713;5.2;3.2;7
1714;4.8;1.5;8.2
1715;3.9;-0.7;8
1716;2.3;-0.2;4
1717;5.5;3.5;7.2
1718;5.8;3;6.7
1719;3.3;2.1;4.5
1720;2.7;2.5;3.1
1721;4.9;1;8.5
1722;8;7;9.2
1723;5.8;4.1;7
1724;6.2;5.5;7.1
1725;8.5;7;11.5
1726;10.4;8.6;12.2
1727;10.6;9.2;11.6
1728;8.7;6.7;10.5
1729;9.3;7;10.5
1730;5.8;2.5;7.7
1731;4.7;0;7.6
1732;5.1;1.6;8.5
1733;4.4;0.2;7.7
1734;6.5;4;8.7
1735;9.3;6.2;11.5
1736;8;4.6;10.1
1737;6.2;5.5;7.1
1738;5.5;1.7;7.1
1739;5.4;1.5;8
1740;7.2;6.1;8.5
1741;10.1;7.6;12.7
1742;11.7;8.3;14.5
1743;8;6.1;9.2
1744;7.9;6.5;9
1745;6.3;5.2;7.6
1746;8.1;6;10
1747;7.4;5.1;9.1
1748;9.5;7.5;11.7
1749;8.5;6.1;11.7
1750;7.2;3.7;10.7
1751;6.8;3.5;10
1752;4.1;2;6.2
1753;3;1.4;4.5
1754;4.5;2.5;7.1
1755;8.7;5.2;11.7
1756;6.1;4.7;8.2
1757;5.2;2.7;7.6
1758;4.3;0.7;8.7
1759;6.3;3.5;9
1760;5.7;4.6;7
1761;6.6;5.5;9.5
1762;6.4;1.1;10.5
1763;8.8;7.7;10.7
1764;7.9;6;10
1765;10.2;6.7;12.1
1766;10.7;9.2;13
1767;8.9;7;11.5
1768;7.2;4.1;9
1769;6.6;1;11.6
1770;9.4;8;11
1771;7.5;4;11
1772;7.9;2.7;12.5
1773;9.6;6.6;12
1774;8.4;7.5;9.7
1775;7.1;5.2;8.5
1776;5.4;1.7;8.5
1777;5;1;9.7
1778;4.8;0.1;10
1779;5.8;0.5;11
1780;6.1;0.2;11.6
1781;6.6;1.5;10.5
1782;8;4;13.5
1783;7.6;4.7;10.5
1784;3.9;-2;8.7
1785;4.8;1.5;8.2
1786;3.8;-1.5;7.7
1787;7.5;3.6;10.5
1788;7.1;3.6;8.7
1789;8.1;1.6;14.2
1790;12.7;5.7;19.5
1791;13.8;9.7;20.6
1792;11.8;5;18
1793;14.9;8.7;21.7
1794;13.3;7;19.5
1795;10.6;5.2;16.1
1796;13;5.7;20.5
1797;13.6;7;21.6
1798;8.1;6;11.5
1799;6.6;4.5;9.2
1800;8;1.2;14.7
1801;12.2;6;18.6
1802;10.4;7.2;14.5
1803;11;6.7;15
1804;12.3;7.6;16.5
1805;12.5;6.7;18
1806;13.7;8.5;18.7
1807;15.2;9.7;21
1808;15.6;8.6;22.5
1809;12.6;8.5;17.3
1810;9.5;6.2;12.7
1811;9.1;3.2;15
1812;11.9;5.6;19.2
1813;9.3;8;10.2
1814;10.7;7.7;15
1815;11.3;9;15.5
1816;10.4;8.7;14
1817;10.7;8.2;13.2
1818;11.2;6.2;15.7
1819;11.3;8.6;14.2
1820;9.2;5;13.2
1821;10.9;5.2;16.2
1822;12.1;4.5;18.7
1823;15;7.7;21.5
1824;17.3;10;23.2
1825;13.7;8.2;20
1826;8.8;6;11.7
1827;7.8;2.5;12.2
1828;7.8;4;11.2
1829;7.5;1.2;12.1
1830;8.6;1.2;13.6
1831;10.5;6.2;14.2
1832;12.6;5.5;17.6
1833;14;8.5;18.2
1834;15.5;10.7;19.7
1835;16.8;11.7;21.2
1836;19.1;10.6;26.1
1837;18.9;15.5;23.5
1838;15.1;13.2;17.6
1839;13.6;12.1;15.1
1840;15.5;10.7;19.2
1841;15.7;9.1;22.6
1842;15.5;10.5;19.7
1843;14.8;11.7;18.5
1844;14.8;8.2;20.5
1845;17.6;10.2;22.7
1846;17.5;11.7;21.2
1847;18.2;13.2;23.1
1848;19.4;13.6;25.5
1849;16.4;12.2;20.5
1850;12.9;10.1;15.5
1851;10.5;7.7;14
1852;11.2;8.1;14.5
1853;12.3;10;15.2
1854;13.7;10;16.7
1855;12.8;9.5;16.5
1856;13.7;7.5;18.2
1857;15.8;13.7;19
1858;19.5;15.1;25.2
1859;19.8;15.2;26.2
1860;18.2;15.7;23.2
1861;18.3;15.1;22.5
1862;18;15.7;21.5
1863;19.5;14.5;23.5
1864;17.9;15.5;21.2
1865;17.5;13;21.1
1866;16.9;13.1;21
1867;18.1;13.5;23.5
1868;17.3;13.2;20.7
1869;19.1;11.7;24.6
1870;23.3;16.5;28.6
1871;24;18.5;28.7
1872;24.8;20.6;29.5
1873;19.9;17.6;23.2
1874;17.7;15.2;20.1
1875;15.9;13.6;18
1876;16;14.1;18.7
1877;17.8;16.2;20.2
1878;17.6;15.7;19.5
1879;17.4;14;20.7
1880;16.6;14.5;17.7
1881;18;16.2;20.7
1882;15.4;12.5;17.5
1883;14.5;10;18
1884;14.2;13;15.1
1885;16.3;14.5;17.1
1886;15.3;12.1;17.2
1887;14.6;9.7;19
1888;15.1;9.6;19.2
1889;17.2;10.1;22.2
1890;16.9;13.1;19.1
1891;16.1;11.7;20.5
1892;16.6;14.5;19.3
1893;18.3;15.7;22.6
1894;18.4;13;24.7
1895;17.4;13.5;22.7
1896;15.8;10.7;20
1897;15.1;10.2;19.2
1898;15.3;10.5;19.5
1899;18;12.9;22.7
1900;18.4;16;21.1
1901;18;15.7;21.5
1902;18.3;15.5;20.5
1903;17.9;14.5;23.5
1904;17.8;15.2;20.2
1905;16.4;13.5;19.2
1906;18.2;11.2;24.5
1907;23.6;14.1;31.1
1908;21.4;17.2;24.7
1909;17.8;14.5;21.1
1910;15.7;12.2;20.2
1911;16.4;9.7;21.1
1912;20.3;14.6;27.2
1913;22;14.5;29.2
1914;25.7;18.7;33
1915;26.6;18;33.5
1916;26;21.5;30.2
1917;25.9;19.7;31.7
1918;26.3;21.6;32.6
1919;26.7;21.5;31.2
1920;25.8;20;31.1
1921;23.2;20.5;27.7
1922;22.6;19.6;27
1923;23.1;18.2;29.1
1924;19.4;16.2;24.5
1925;19.2;15.7;23.2
1926;21;15.1;27
1927;22.9;19.5;27.7
1928;23.6;20;27.5
1929;19.6;17.7;22
1930;17.9;15.2;20.1
1931;17.3;15.1;19.7
1932;16.7;13.7;20.3
1933;17.1;15.7;18.5
1934;15.8;11.5;20
1935;16.2;13.2;18.7
1936;15.6;12.7;19.2
1937;15.4;11.7;18.1
1938;15.3;11.3;18.5
1939;14.2;10.7;17
1940;14.5;9;20.5
1941;15.8;12.1;19.2
1942;17.6;15.5;20
1943;15;12;17.5
1944;14.1;10.2;18.7
1945;15.4;10;20.2
1946;17.4;15.7;19.5
1947;17.6;12;20.2
1948;14;9.5;18.7
1949;15;11.6;19.2
1950;15.3;11.5;18.7
1951;17;12.7;22
1952;19;11.7;27.2
1953;22;14.8;30.7
1954;18.7;15.1;22.5
1955;14.6;9.7;18.1
1956;14.6;9.5;19.9
1957;15.4;10;20.7
1958;15.7;10.7;20.5
1959;16.4;10.9;23.6
1960;14.8;7.7;22.2
1961;16.2;12.6;20.7
1962;14.2;12.5;16.1
1963;11.2;9.1;13
1964;12.7;7.7;16.2
1965;14.8;13.1;16.6
1966;14;13.2;14.7
1967;15.4;13;18
1968;15;12.2;18.5
1969;14.2;10.7;15.7
1970;12.4;8.2;15.6
1971;13.1;10.2;14.5
1972;11.6;9.2;14.1
1973;11.8;10.2;14.2
1974;13;11.7;14.7
1975;13.1;11.2;14.7
1976;13.2;11;16.6
1977;11.5;7.7;14.7
1978;9.4;7;11.7
1979;9.3;5;14
1980;10.1;6;14.1
1981;10.5;9;13.2
1982;10;8;12.2
1983;10;7.7;12
1984;8.7;5.7;12
1985;9.3;7.2;12.7
1986;9.9;7.5;13.3
1987;9.1;6;12
1988;10.9;7.7;14.2
1989;15;12.7;19.1
1990;13.7;10.1;16
1991;11.9;6.9;16.5
1992;13.2;11.2;15.5
1993;12.3;9.5;16.1
1994;10.1;8.2;12.2
1995;9.9;8.2;11.7
1996;10.4;8.7;12.7
1997;11.1;9.5;13.8
1998;14.9;14.3;15.9
1999;13.5;11.1;14.6
2000;13.2;9.2;17.1
2001;16;12.1;18.1
2002;9.6;6;12.1
2003;8;3.8;12
2004;7.4;3.3;12.2
2005;8.7;6.5;12.5
2006;7.1;3.1;12.7
2007;8.3;4.2;13
2008;12.7;10.2;17
2009;12.3;10.1;16
2010;11.4;10.7;12.6
2011;10.3;7.2;12.5
2012;9.2;6;12.7
2013;11.2;7.2;14.1
2014;12.3;9.2;15
2015;10.5;8.9;12.5
2016;12.3;10.5;13.5
2017;12.6;10.5;14.3
2018;8.8;3.7;11.7
2019;6.4;5;8.2
2020;9;6.1;10.6
2021;9.3;5.7;11.6
2022;6.5;3.2;10.5
2023;7.8;5.7;10
2024;6.5;4;9.1
2025;9;7.5;9.7
2026;6.6;5;7.5
2027;5.2;4;6.2
2028;2.1;-1.5;4
2029;3.4;-2.5;9.7
2030;8.6;5.7;10.2
2031;6;5.6;6.5
2032;5.8;5;6.5
2033;5.6;2.6;7.1
2034;2.2;-0.5;5.5
2035;2.4;-0.2;4.6
2036;4.9;2.1;6.5
2037;2.6;0.1;4.6
2038;1.1;-1.2;3.2
2039;1.8;0.5;3.2
2040;2.5;0.1;4.5
2041;5.8;4.2;9.1
2042;6.2;2.5;7.7
2043;9.2;6.6;11.2
2044;8.8;5.5;10.2
2045;6.9;5;9.1
2046;8.7;7.5;10.1
2047;7.9;5.5;11.1
2048;8;5.7;10.2
2049;8;7;9.5
2050;7.4;4.7;12
2051;10.5;7.1;13.2
2052;10.6;8.7;12
2053;5.9;4;10
2054;3.2;-0.5;6
2055;5.2;2.5;6.5
2056;5.9;3.6;7.1
2057;3.5;2.5;5.5
2058;3.5;1.7;6.2
2059;4.1;1.6;6.1
2060;2.3;0.2;5.2
2061;1.9;-1.7;5.7
2062;2.6;0.5;4.5
2063;3.7;3.2;4.2
2064;3.2;2.6;3.7
2065;3.1;2.2;3.6
2066;2.6;1.6;3.5
2067;3;1.5;4.7
2068;2;-1.8;4.8
2069;0.1;-3.4;5.7
2070;2.3;-2;5
2071;5.6;4;7.6
2072;5.6;1.2;8.2
2073;4.5;0.5;6.5
2074;2;0.7;3.7
2075;1.5;0.5;2.7
2076;1;-0.7;2.2
2077;3.7;0;7.7
2078;5;2;7
2079;7.9;5;10.2
2080;8.7;7.2;10.5
2081;7.3;3.7;10.4
2082;4.5;1.2;7.1
2083;3.2;1.2;6
2084;1.7;-0.7;5
2085;1.9;-3;6
2086;4.6;3.5;6.4
2087;4.8;2;7.2
2088;4.9;4.1;6
2089;7.3;3.2;9.6
2090;0.8;-1.4;2.5
2091;-1;-3.4;2
2092;0.8;0.1;1.7
2093;3.6;0;8.5
2094;8.3;7.1;9.7
2095;6.8;3.2;9.1
2096;6.6;5.2;8.5
2097;3.2;-0.7;6.6
2098;-3.5;-4.7;-0.9
2099;-4.5;-5.2;-3.2
2100;-2.7;-5.2;-1.7
2101;-3;-4.9;-1.2
2102;-4.9;-9.7;-0.6
2103;-4.9;-7.5;-3.2
2104;-4.7;-8.3;-1
2105;-1.2;-5.5;2.7
2106;2.5;1.2;4.2
2107;6.5;2.7;10
2108;8.7;6.6;10.5
2109;8.4;5.2;11.2
2110;6.6;2.5;9.7
2111;11.7;8.6;15.7
2112;11.2;8;16
2113;11.3;8;15.8
2114;12.2;8.5;16.5
2115;13.2;9.6;17.7
2116;10.2;7.5;15
2117;6;3;9.5
2118;4.9;1.1;10
2119;4;-1.4;9.5
2120;5.7;2.7;9.8
2121;6.5;0.8;12.7
2122;4.1;1.7;6.6
2123;4.2;3;5.7
2124;3.1;-0.7;6.5
2125;1.6;-3.7;6.7
2126;2.4;-1.9;5.5
2127;4.8;2.7;8
2128;5.6;4.1;6.7
2129;5.4;1.6;8.5
2130;8.9;6.5;11
2131;6.8;5.5;8.5
2132;6.9;5.2;8.2
2133;6.6;5;8.6
2134;6.5;5;7.7
2135;5.6;4.2;6.7
2136;5.4;2.2;7.5
2137;4.5;0.6;7.2
2138;5.1;1.1;9
2139;4;-1.4;7.5
2140;6.4;4.5;7.5
2141;5.6;2.1;8.6
2142;6.1;1;10.7
2143;7.2;1.5;12.7
2144;8;4.8;11.7
2145;9.9;6.1;13.7
2146;6.8;4.7;9
2147;11.9;8.5;17.2
2148;12.1;3;20.7
2149;14.1;5.7;22.7
2150;10.1;5.5;13.7
2151;5.6;3.1;7.7
2152;7;4.7;10
2153;6.1;5;8.1
2154;4.6;2;8.2
2155;2.6;0.7;5.2
2156;3.7;0.7;6.2
2157;5.3;1;9
2158;7.5;4.7;10.5
2159;5.2;3;6.7
2160;4.3;1.7;8
2161;3.2;0;7
2162;4.7;-0.2;9.5
2163;4.6;0.7;8.1
2164;5.2;0.7;9.2
2165;6.6;-0.2;11.5
2166;7;0.7;11.5
2167;8.1;1.6;14
2168;9.3;3;15.2
2169;11.4;6.1;16.5
2170;8.3;3.2;11.8
2171;6.5;1.5;11
2172;7.2;0.5;13
2173;7.9;3.7;12
2174;7.2;5.2;9.5
2175;6.9;2;10.8
2176;9.5;3;15.2
2177;10.4;5.7;14.6
2178;7.8;6.5;10
2179;7.7;6.2;9.5
2180;7.4;3.5;11
2181;6.8;2.5;10.2
2182;9.5;3.6;13.2
2183;9.2;7;11.7
2184;7.3;4.7;9.6
2185;6.9;3.2;11.2
2186;7;3;10.7
2187;9;3.1;15.7
2188;16.9;12;23.2
2189;15.6;11.6;17.6
2190;13.2;9.7;17.1
2191;11.8;6.8;16
2192;12.4;6.7;17.6
2193;11;8.7;14.6
2194;10.5;8.9;13.5
2195;11.6;8.7;15.1
2196;11.3;8.7;15
2197;11.6;7.7;14.7
2198;11.1;6.7;14.5
2199;11.6;5.7;15.7
2200;12.8;10.1;15.6
2201;10.5;9.5;12.2
2202;11;7.5;14.5
2203;11.3;9.2;14.6
2204;10.6;8;13.1
2205;10.7;7.2;13.2
2206;10.7;7.6;13.7
2207;12.7;6.2;18.7
2208;12.7;8;16.7
2209;14.2;9.1;20
2210;16.5;9.6;21.5
2211;18.6;11;24.5
2212;20.4;13.3;26
2213;19.8;16.1;23.2
2214;19.4;14;25.1
2215;14.7;13.2;16.2
2216;16.4;12.7;20.7
2217;16.8;9.7;22
2218;18.8;12.2;24.1
2219;18.6;13.1;22.7
2220;18.4;12.2;24.5
2221;17.6;13.2;22
2222;16.5;11;19.2
2223;16.5;9;23
2224;19.3;11.8;25
2225;18.4;14;21.2
2226;21;12.5;28
2227;23.1;18.6;29
2228;21.3;18.5;27.2
2229;17.7;15.7;20.4
2230;17.9;14.7;21.5
2231;14.1;13.2;16
2232;14.8;13;18.1
2233;14.5;12;16.7
2234;14.8;10.6;19.5
2235;14.8;9.5;18.7
2236;18.9;14.7;23.7
2237;20.2;16.7;25.2
2238;20.2;17.2;23.2
2239;16.8;14.5;18
2240;13.9;12.5;15.5
2241;15.1;13.2;17.1
2242;17;14.2;20.5
2243;18.2;12.4;23.5
2244;18.4;14.7;22.5
2245;16.9;14.1;19
2246;17.8;15.7;19.5
2247;17.5;14.2;21.6
2248;17.3;12;22
2249;16.7;11;21
2250;17;12.7;21.7
2251;17.6;13.1;22.4
2252;18.8;14;23
2253;19;17.5;21
2254;17.8;16.7;19.5
2255;18.4;17;20.2
2256;18.1;15.7;21.5
2257;19.7;12.7;25
2258;19.9;14.2;25.2
2259;18.5;14.5;22.2
2260;18.1;12.2;22.7
2261;19.7;14.1;24.7
2262;18.3;14.5;22.5
2263;17.7;14.5;21.2
2264;18.7;15.5;22.1
2265;19.4;16.5;24.2
2266;19.3;15.6;23.6
2267;18.1;16.1;21.7
2268;17.5;15.1;20.5
2269;17.1;13.1;20.1
2270;16.8;13;21.2
2271;16.8;15.2;20
2272;16.1;12.1;18.6
2273;14.8;9.7;19.5
2274;15.1;11;20
2275;16.1;11.5;21.2
2276;18;12;23
2277;18.8;17.1;20.6
2278;17.2;14.1;21.6
2279;16.8;14.5;20
2280;16.8;14.5;19.2
2281;17.3;14.6;21
2282;17.6;12.3;23.3
2283;18.3;14;23
2284;17.9;14.7;21
2285;18.4;14.7;21.6
2286;19.3;15.7;24
2287;16.7;14.6;18.5
2288;15.5;13.7;16.7
2289;17.1;15;19.5
2290;16.7;13.7;18.5
2291;17.6;13;22
2292;18.2;12.7;23.5
2293;18;16.2;20
2294;18.5;16.2;21.6
2295;17.7;14.2;21.6
2296;16.5;13.5;20.1
2297;16.4;15;19.2
2298;15.2;11.2;18.6
2299;17.1;14.5;20.6
2300;16.4;15.5;17.6
2301;17.7;15.1;21
2302;15.8;12.2;19
2303;16.7;15;18.5
2304;16.3;14;19.2
2305;16.4;12.5;20.7
2306;16.1;13.7;19.6
2307;16.4;10.7;21.7
2308;17.9;12.4;24.1
2309;19.4;14.3;25.3
2310;20.2;14.3;26.3
2311;20;15;25.7
2312;19.6;16.6;22.7
2313;18.5;17;20.5
2314;17;13.7;20.7
2315;15.3;11.7;18.7
2316;17.7;12.6;23.2
2317;17;14.7;19.1
2318;16.7;13.7;19.7
2319;16.5;13.2;20.2
2320;16;11.7;22.1
2321;15.9;12.6;21
2322;13.8;10.1;16.7
2323;12.9;7.2;18.7
2324;14.7;9.2;20.6
2325;16;12;18.5
2326;17.4;13.1;21.2
2327;18;16;20.7
2328;17.5;13.7;23
2329;16.1;13;20.2
2330;14.2;10.7;18.6
2331;12.5;10.6;14.1
2332;12.7;10.2;14.2
2333;13.6;11.5;15
2334;12.9;9.5;15.5
2335;13.7;12.1;17
2336;13.4;10.5;17.1
2337;12.9;10.5;15.7
2338;13;10.2;16.5
2339;12.8;8.5;17.2
2340;11;6.6;16.5
2341;10.9;7.7;15.5
2342;10.8;4.5;16.1
2343;12.1;8.5;16.1
2344;11.6;7.5;14.1
2345;10.9;6.1;14.1
2346;14.3;12.7;16
2347;12.7;8.7;15.2
2348;11;8.1;14.5
2349;11.7;9.2;14.2
2350;11.4;8.1;14
2351;16.1;13.2;19.1
2352;15.9;13.5;17.7
2353;10.7;7.2;13.6
2354;9.9;6.5;12
2355;8.3;4.2;11.5
2356;8.2;5;12.5
2357;10.1;5.5;12.2
2358;12.1;9.5;14.2
2359;13.5;9.7;15
2360;11.5;8.7;15.7
2361;12.4;9.2;16.7
2362;12;10.6;13.5
2363;11;8.5;13.7
2364;9.8;7;13
2365;6.9;5;9.2
2366;5.6;2;11.1
2367;6.4;1;12.1
2368;7.9;3.2;11.7
2369;10.5;8.6;12.7
2370;10.3;6.7;13
2371;7.9;3.5;12.2
2372;8.1;4.6;10.5
2373;10;8.7;11.6
2374;10.3;9.2;11.7
2375;8.1;5.1;10
2376;11.3;10;13.5
2377;10;9.2;10.6
2378;7;5.2;9
2379;5.1;4.7;5.7
2380;8.7;6.5;11.7
2381;10.2;5.5;12.7
2382;12.3;9.2;14
2383;10.5;9;11.5
2384;8.5;6;10.5
2385;5.4;2;9.5
2386;7;2.6;10.2
2387;7.1;6.2;8.5
2388;6.1;2.7;9.2
2389;4.8;4;5.7
2390;3.5;2.7;4.2
2391;2.7;-0.7;5.5
2392;4.3;1;6.5
2393;8.9;5.6;10.5
2394;8.6;5.5;11
2395;2.7;0.2;4.8
2396;3.5;-0.4;5
2397;5.2;4.7;6.6
2398;4.5;2.5;5.5
2399;3;0.7;4.2
2400;4.3;1.7;6.2
2401;4.9;2.3;6.4
2402;3.6;1.6;5.7
2403;3.4;2.2;4.2
2404;4.9;1.3;8.4
2405;9;5.4;11.4
2406;9.7;8.7;10.7
2407;9.1;8;10.4
2408;10;6.9;11.1
2409;6.1;2.7;10.7
2410;7.9;7.1;8.7
2411;6.4;5.2;7.7
2412;7.2;6.5;7.6
2413;5.3;1.2;7.1
2414;0;-2.7;5.2
2415;-2;-4.5;0
2416;2.1;-0.7;8.6
2417;8.2;5.2;10.1
2418;-0.4;-3.5;4
2419;-1.6;-4.5;1.7
2420;5;1.5;8.5
2421;8.9;7.6;10
2422;9.4;8.2;12.2
2423;12.4;9.6;13.5
2424;12.7;11.2;14.1
2425;11.5;8.5;13.2
2426;11.6;10;12.7
2427;9.5;8;11.1
2428;6.8;3.7;8.7
2429;5.5;3.2;7.7
2430;3.3;-0.2;6
2431;4.2;2.2;6
2432;3.6;0.7;6.5
2433;5.2;0.7;7.2
2434;2.3;-0.5;6.2
2435;2.4;0.1;5
2436;3.9;2;4.7
2437;5.5;3.6;7.2
2438;5.4;2.5;7.1
2439;3;1.2;5.2
2440;6.1;2.2;8.1
2441;6.8;2.5;9.7
2442;3;0;5.2
2443;4.8;0.7;7.5
2444;4.2;1.7;5.6
2445;4.4;0.7;7.1
2446;6.6;6.2;7.6
2447;6.3;5.2;7.6
2448;4.7;3.5;5.5
2449;3.2;2.6;3.7
2450;4.6;2.5;6.7
2451;7.4;6;9.5
2452;6.6;3;9
2453;9.3;7.5;11.2
2454;6.4;4.5;7.7
2455;5.9;4.3;7
2456;7.4;3.7;9.5
2457;8.5;7.1;10
2458;7.6;5.7;9
2459;6.8;4;9
2460;6.5;4.5;8.1
2461;7.6;4.7;9.2
2462;6.2;4;7.7
2463;10;8.2;11.2
2464;9.1;8.2;10.4
2465;6.8;5.2;8.5
2466;4.7;-0.2;7.7
2467;2.6;-1.7;7.2
2468;5.1;-0.2;9.7
2469;9.2;6.2;11.5
2470;7.3;5.2;8.6
2471;10.5;8;12.2
2472;8.8;7.2;10.7
2473;8.3;6.7;10.7
2474;6.2;4;8
2475;8;4.2;11.1
2476;6.5;4.7;7.7
2477;7;3.2;10.7
2478;7.6;3.5;10.7
2479;6.4;2.7;9
2480;5.5;2.2;7.5
2481;3.5;-1.2;9
2482;4.8;1;9.2
2483;4.6;0.2;10
2484;4.6;2.2;6.2
2485;6.6;3.2;10.6
2486;5.5;-0.4;12
2487;5.2;1;11.1
2488;2.4;-2.7;6.5
2489;3.5;1.5;6.5
2490;3.4;-0.9;7.2
2491;4.9;0.2;10.2
2492;6.8;1;13.5
2493;8.8;2.7;15
2494;10;5.7;14.5
2495;10.8;7.7;13.7
2496;12.2;9;16.1
2497;9.7;5;12.5
2498;8.9;4.7;14.2
2499;9.4;4.7;13.1
2500;8.2;3.5;11
2501;8.3;1.6;14.7
2502;9.1;5.5;13.2
2503;5.1;1.7;8.5
2504;7.7;0.5;15.5
2505;11.5;4.6;19.5
2506;11.5;4.6;19
2507;10.7;3.2;17.7
2508;9.3;3;15.1
2509;10.5;3;17
2510;8.6;5.1;14.2
2511;8.5;6.1;12.7
2512;6.6;2.7;9.1
2513;2.4;1;4.2
2514;2.8;0.2;5.2
2515;4;0.6;7.5
2516;3.4;-1.7;8
2517;7;2.7;10
2518;9.8;7.6;11.5
2519;10.3;9.1;11.5
2520;8.7;6.5;11
2521;6.6;4.6;9.1
2522;5.8;3.5;8.5
2523;6.5;2.2;11
2524;9.3;2.7;14.7
2525;13.6;7.7;20.2
2526;13.5;11.5;16.6
2527;12.5;8.1;17.2
2528;9.7;7.7;12.2
2529;11.1;6;16.1
2530;11.9;5.6;17.8
2531;13.1;6.7;19
2532;12.7;7;17.6
2533;12.1;6.3;16.2
2534;12.3;6.6;16.9
2535;13.5;10;17.3
2536;14.1;10.1;18.1
2537;12.2;9.3;16.1
2538;9.2;8.3;10.8
2539;9.7;5.8;13.4
2540;8;3.7;11.3
2541;8.3;2.7;13.5
2542;9;7.4;11.4
2543;8.7;4.8;11.9
2544;9.1;2.1;15.4
2545;11.2;4.7;16.3
2546;9.5;5;12.5
2547;10;3.6;14.4
2548;12.5;5.9;19.1
2549;13.8;8.2;20.1
2550;14.7;11.6;18.7
2551;11.7;8.1;15.4
2552;14.3;6.5;21
2553;16.4;12.5;21.7
2554;15.1;13.1;17.9
2555;13.8;9.9;18.1
2556;14.3;12.3;17
2557;15.3;10;19.9
2558;17.5;9.6;23.6
2559;18.1;15.3;23.1
2560;17.5;11.7;22.8
2561;18.5;14.9;22.3
2562;17.5;12.1;22.1
2563;13.4;9.9;19.1
2564;14;11.3;16.7
2565;15.3;8.1;21.1
2566;16;12.9;20.8
2567;13.9;12.5;16.1
2568;13.6;9.1;17.3
2569;15.8;13.9;17.8
2570;14.1;12.8;15.8
2571;12.2;8.6;14.5
2572;10.9;7.2;13.8
2573;10.4;6.2;14.4
2574;12.4;8;16.6
2575;12.4;9.1;15.6
2576;13.3;6.9;18.2
2577;16.8;11.7;22.2
2578;15.6;12;19.9
2579;15.9;13.2;19.5
2580;14.2;12.3;16.6
2581;15;12.8;18.1
2582;15.7;13.1;18.7
2583;16.4;12.6;19.3
2584;17.6;13.3;21.6
2585;17.4;13.5;20.4
2586;15.9;11.9;18.9
2587;14.8;11.3;16.7
2588;15.3;8.9;19.8
2589;17.6;11.4;22.3
2590;18.9;11.7;24
2591;22;14.9;28.4
2592;20.5;15.9;24.5
2593;14.8;12.7;18.2
2594;15.2;11.4;18.1
2595;15.8;9.4;20.8
2596;17.9;9.8;23.6
2597;22.1;15;29.6
2598;20.3;17.7;22.5
2599;18.4;16;22.3
2600;18.1;15;21.2
2601;17.2;14.2;19.8
2602;17.8;12.6;22.6
2603;20.8;15.5;26.8
2604;17.8;13.3;21.2
2605;16.1;13.2;20
2606;17.9;12.7;22.9
2607;17.6;15.4;20.4
2608;17.1;12.5;20.6
2609;16.5;13;19.4
2610;16.5;11;20.9
2611;16.7;15.2;18.7
2612;17.1;10.7;21.8
2613;17.3;14.5;19.9
2614;17;13.3;20.2
2615;18.5;16.2;23.4
2616;20.8;14;26.2
2617;21.4;15.3;25.6
2618;17;11.3;21.3
2619;16.9;11.8;21
2620;17.8;14.8;19.9
2621;18.5;11.4;25.1
2622;23.6;15.8;31.4
2623;27.6;19.6;35.4
2624;24.1;20.6;27.2
2625;18.3;15.7;20.6
2626;17.2;15.7;19.5
2627;18.4;11.8;23.9
2628;22.5;16.9;28.9
2629;21;19.1;22.9
2630;17.6;14.4;19.8
2631;16.2;13.2;19.3
2632;16.9;12.9;20.6
2633;18.9;15.4;23.9
2634;18.6;13.2;22.7
2635;19.3;18;20.5
2636;19;14.8;22
2637;20.2;14.9;25.7
2638;22.5;17.8;27.7
2639;21.7;18.6;25.2
2640;17.7;13.3;20.3
2641;16.3;10.4;20.7
2642;17;11.4;22
2643;17.6;12.4;21.4
2644;19.4;13.6;24
2645;21.9;16.3;27.3
2646;23.9;16.6;29.9
2647;24.9;19.3;30.8
2648;24.3;16.8;30.5
2649;24.6;18.7;31.1
2650;22.7;18.8;25.8
2651;21.4;17.8;26.2
2652;19.3;18.1;20.4
2653;19.9;16.8;23.4
2654;19.8;15.5;23.8
2655;19.4;15.4;22.7
2656;18.4;13.9;22.3
2657;20;15.6;24.9
2658;22;17.6;26.3
2659;22.7;17.2;27.4
2660;24.2;20.3;31.1
2661;19.4;15.7;21
2662;17;12.7;20.4
2663;17.2;12.5;21.3
2664;17.2;12;21.5
2665;18.9;15.7;21.8
2666;18.8;15.8;22.1
2667;18.9;13;23.7
2668;19.6;14.5;25.6
2669;20.5;15.4;26.6
2670;20.5;15.1;25.9
2671;22.1;15.9;29.3
2672;20.9;17.1;24.4
2673;19.1;15.3;23.7
2674;18.2;16;22.1
2675;15.9;13.5;18
2676;17.5;15.3;21.8
2677;17.2;12;22.2
2678;18.3;14.3;23.1
2679;18.8;15.9;21.3
2680;16.7;14.3;20.2
2681;15.2;12.4;18.9
2682;13;10.9;16.6
2683;12.6;9.7;16.5
2684;12.1;10.9;13.6
2685;13.4;10.9;16.1
2686;12.8;8.5;16.5
2687;12.7;8.4;17.2
2688;12.6;7.2;18.5
2689;13.7;10.1;17.7
2690;14.1;10;16.2
2691;11.7;7.1;16
2692;12.4;10.7;14.2
2693;9.9;8.2;12
2694;10.6;7.5;15.1
2695;9.8;4.6;16
2696;12.1;6.5;17.5
2697;14.4;11.2;17.2
2698;13.9;11.5;16.7
2699;12.3;7.6;16.6
2700;14.1;9.4;17.8
2701;16.1;14.2;18
2702;13.9;10;16.5
2703;13;9.6;16.6
2704;12.4;8.2;15.6
2705;10.4;6;16.1
2706;10.7;7.3;14.3
2707;10.1;5.3;15.7
2708;10;5.3;14.7
2709;11.8;8.2;14.2
2710;12.2;6.8;16.1
2711;13.7;11.9;16.2
2712;14.3;12.4;17.4
2713;15.3;12.9;17.2
2714;12.2;7.7;17
2715;10.1;5.5;14.5
2716;11.8;8.5;15.8
2717;15;12.5;19.2
2718;14.8;12.6;18
2719;14.7;12.1;18
2720;15.2;13.1;16.2
2721;14;11.5;16.7
2722;14.8;11;18.7
2723;15.8;13.3;19.7
2724;16.4;14;19.7
2725;15.3;10.6;20.5
2726;14.9;10.6;19.2
2727;12.8;8.5;16.5
2728;14.7;13;16.2
2729;12.3;10.5;14.7
2730;12.3;10.9;14.7
2731;9.8;7.7;11.2
2732;9.1;4.2;12.2
2733;10.3;8.5;12
2734;12.6;11;14
2735;12.6;11;14.7
2736;12.2;9.5;13.2
2737;11.9;9.7;14.2
2738;10.1;6.6;12.2
2739;9.2;4.5;14.7
2740;9.7;6;15.5
2741;5.9;3;9.7
2742;10;6.1;12.2
2743;10.5;9;12
2744;10.3;9;11.2
2745;8.1;5.1;10.1
2746;1.4;-2;4.5
2747;-0.4;-6;3.1
2748;4.9;2.1;8
2749;6.6;4.6;8.1
2750;8.1;7.2;9
2751;8.9;7.2;11
2752;8.8;5.7;11.7
2753;7;3.7;10.6
2754;6.7;6.2;7.5
2755;8.4;6.6;10.7
2756;7.1;5;9
2757;6.9;4.2;9.3
2758;5.4;2.4;7.5
2759;3.4;2.3;5.3
2760;2;0;3.5
2761;1.2;0.2;3.7
2762;5.5;4;6.3
2763;4.7;0.7;7.4
2764;4;1.3;6.9
2765;2.8;-0.5;4.5
2766;-0.2;-3.3;2.1
2767;0.1;-1.3;2
2768;1.7;1;2.5
2769;-1.3;-4.4;1
2770;-3.3;-5.3;-0.9
2771;-2.3;-5.1;1.2
2772;0.1;-4.5;5.2
2773;0.1;-3.7;3.8
2774;-1.8;-3.1;-0.4
2775;-2.6;-6.2;0.5
2776;6.6;0.8;9.9
2777;9.5;7.8;10.4
2778;6.5;3.6;8.8
2779;8.2;4.5;10.1
2780;9.1;8;10.9
2781;8.9;5.8;10.6
2782;8.6;7.6;9.3
2783;7.7;5.4;9.2
2784;6.6;5;7.4
2785;8.9;6.4;10.8
2786;9.5;7.4;11.1
2787;7.8;4.5;12
2788;13.1;10.1;14.6